[360  81],
[359  82],
[358  82],
[357  82],
[356  82],
[355  82],
[354  82],
[353  82],
[352  82],
[351  82],
[350  83],
[349  83],
[348  83],
[347  83],
[346  83],
[345  83],
[344  83],
[343  83],
[342  83],
[341  83],
[340  83],
[339  83],
[338  83],
[337  83],
[336  84],
[335  84],
[334  84],
[333  84],
[332  84],
[331  85],
[330  85],
[329  85],
[328  86],
[327  86],
[326  86],
[325  86],
[324  87],
[323  87],
[322  87],
[321  88],
[320  88],
[319  88],
[318  89],
[317  89],
[316  89],
[315  89],
[314  89],
[313  89],
[312  89],
[311  90],
[310  90],
[309  90],
[308  90],
[307  91],
[306  91],
[305  91],
[304  91],
[303  92],
[302  92],
[301  92],
[300  92],
[299  92],
[298  92],
[297  92],
[296  93],
[295  93],
[294  94],
[293  93],
[292  94],
[291  94],
[290  94],
[289  95],
[288  96],
[287  95],
[286  96],
[285  97],
[284  97],
[283  98],
[282  98],
[281  99],
[280  98],
[279  99],
[278 100],
[277 100],
[276 100],
[275 101],
[274 101],
[273 102],
[272 102],
[271 103],
[270 103],
[269 103],
[268 104],
[267 104],
[266 105],
[265 106],
[264 107],
[263 107],
[262 108],
[261 108],
[260 109],
[259 109],
[258 110],
[257 110],
[256 111],
[255 112],
[254 112],
[253 112],
[252 113],
[251 113],
[250 114],
[249 115],
[248 115],
[247 116],
[246 117],
[245 117],
[244 117],
[243 118],
[242 118],
[241 119],
[240 119],
[239 120],
[238 120],
[237 121],
[236 121],
[235 122],
[234 122],
[233 123],
[232 123],
[231 124],
[230 125],
[229 125],
[228 126],
[227 127],
[226 127],
[226 128],
[225 129],
[224 130],
[223 131],
[222 131],
[221 132],
[220 133],
[220 134],
[219 135],
[218 135],
[217 136],
[216 136],
[216 137],
[215 138],
[214 138],
[213 139],
[212 140],
[211 140],
[211 141],
[210 142],
[209 142],
[208 143],
[207 144],
[206 145],
[205 146],
[204 147],
[203 148],
[202 148],
[201 149],
[200 150],
[199 150],
[198 151],
[198 152],
[197 153],
[196 154],
[195 154],
[194 155],
[193 156],
[192 157],
[191 158],
[190 159],
[189 160],
[188 161],
[187 162],
[186 163],
[185 164],
[184 165],
[183 166],
[182 167],
[181 168],
[180 169],
[180 170],
[179 171],
[178 172],
[177 173],
[176 174],
[176 175],
[175 176],
[174 177],
[173 178],
[173 179],
[172 180],
[171 181],
[170 182],
[170 183],
[169 184],
[169 185],
[168 186],
[168 187],
[167 188],
[166 189],
[166 190],
[165 191],
[165 192],
[164 193],
[164 194],
[163 195],
[163 196],
[162 197],
[162 198],
[162 199],
[162 200],
[162 201],
[161 202],
[161 203],
[161 204],
[160 205],
[160 206],
[160 207],
[159 208],
[159 209],
[158 210],
[158 211],
[158 212],
[158 213],
[157 214],
[157 215],
[157 216],
[157 217],
[157 218],
[157 219],
[157 220],
[156 221],
[156 222],
[156 223],
[156 224],
[156 225],
[156 226],
[156 227],
[156 228],
[156 229],
[156 230],
[157 231],
[158 232],
[159 232],
[160 233],
[160 234],
[161 235],
[162 236],
[163 237],
[164 237],
[165 238],
[166 238],
[167 239],
[168 239],
[169 240],
[170 240],
[171 240],
[172 241],
[173 241],
[174 241],
[175 241],
[176 241],
[177 241],
[178 242],
[179 242],
[180 242],
[181 242],
[182 243],
[183 243],
[184 243],
[185 243],
[186 243],
[187 243],
[188 243],
[189 243],
[190 244],
[191 244],
[192 244],
[193 244],
[194 244],
[195 244],
[196 244],
[197 244],
[198 244],
[199 244],
[200 244],
[201 244],
[202 245],
[203 245],
[204 245],
[205 245],
[206 245],
[207 245],
[208 246],
[209 246],
[210 246],
[211 246],
[212 247],
[211 248],
[210 248],
[209 249],
[208 249],
[207 250],
[206 250],
[205 251],
[204 251],
[203 252],
[202 252],
[201 253],
[200 253],
[199 254],
[198 255],
[197 255],
[196 256],
[195 256],
[194 257],
[193 257],
[192 258],
[191 258],
[190 259],
[189 259],
[188 260],
[187 260],
[186 261],
[185 261],
[184 262],
[183 262],
[182 263],
[181 264],
[180 264],
[179 265],
[178 266],
[177 266],
[176 267],
[175 268],
[174 269],
[173 270],
[172 271],
[171 272],
[170 273],
[169 274],
[168 275],
[167 275],
[166 276],
[165 277],
[164 278],
[163 279],
[162 279],
[161 280],
[160 281],
[159 282],
[158 283],
[157 284],
[156 285],
[155 286],
[154 287],
[153 287],
[152 288],
[151 289],
[150 289],
[149 290],
[148 291],
[147 292],
[146 293],
[145 294],
[144 294],
[144 295],
[143 296],
[142 297],
[141 298],
[140 299],
[139 300],
[138 301],
[137 302],
[136 303],
[135 304],
[134 305],
[133 306],
[132 307],
[131 308],
[130 309],
[129 310],
[129 311],
[128 312],
[127 313],
[126 314],
[126 315],
[125 316],
[124 317],
[124 318],
[123 319],
[122 320],
[121 321],
[121 322],
[120 323],
[120 324],
[119 325],
[118 326],
[118 327],
[117 328],
[116 329],
[116 330],
[116 331],
[115 332],
[115 333],
[114 334],
[114 335],
[113 336],
[113 337],
[113 338],
[113 339],
[112 340],
[112 341],
[112 342],
[112 343],
[111 344],
[111 345],
[111 346],
[110 347],
[110 348],
[109 349],
[109 350],
[109 351],
[109 352],
[108 353],
[108 354],
[108 355],
[108 356],
[108 357],
[108 358],
[108 359],
[107 360],
[107 361],
[107 362],
[107 363],
[107 364],
[107 365],
[107 366],
[107 367],
[107 368],
[107 369],
[108 370],
[109 371],
[110 371],
[111 372],
[111 373],
[112 374],
[113 375],
[114 376],
[115 376],
[116 377],
[117 377],
[118 378],
[119 378],
[120 379],
[121 379],
[122 379],
[123 380],
[124 380],
[125 380],
[126 380],
[127 380],
[128 380],
[129 381],
[130 381],
[131 381],
[132 381],
[133 382],
[134 382],
[135 382],
[136 382],
[137 382],
[138 382],
[139 382],
[140 382],
[141 383],
[142 383],
[143 383],
[144 383],
[145 383],
[146 383],
[147 383],
[148 383],
[149 383],
[150 383],
[151 383],
[152 383],
[153 384],
[154 384],
[155 384],
[156 384],
[157 384],
[158 384],
[159 385],
[160 385],
[161 385],
[162 385],
[163 386],
[164 386],
[165 387],
[166 387],
[167 387],
[168 387],
[169 387],
[170 387],
[171 388],
[172 388],
[173 388],
[174 388],
[175 389],
[176 389],
[177 389],
[178 389],
[179 389],
[180 389],
[181 389],
[182 389],
[183 389],
[184 390],
[185 390],
[186 390],
[187 390],
[188 390],
[189 390],
[190 390],
[191 390],
[192 391],
[193 391],
[194 391],
[195 391],
[196 391],
[197 391],
[198 391],
[199 391],
[200 391],
[201 391],
[202 391],
[203 391],
[204 391],
[205 391],
[206 391],
[207 391],
[208 391],
[209 391],
[210 391],
[211 390],
[212 390],
[213 390],
[214 391],
[213 392],
[212 393],
[211 394],
[210 395],
[209 396],
[208 397],
[208 398],
[207 399],
[206 400],
[205 400],
[204 401],
[203 402],
[203 403],
[202 404],
[201 404],
[200 405],
[200 406],
[199 407],
[198 408],
[197 409],
[196 410],
[196 411],
[195 412],
[194 413],
[193 414],
[193 415],
[192 416],
[191 417],
[190 418],
[190 419],
[189 420],
[189 421],
[188 422],
[188 423],
[187 424],
[186 425],
[186 426],
[185 427],
[185 428],
[184 429],
[184 430],
[183 431],
[183 432],
[183 433],
[182 434],
[182 435],
[182 436],
[182 437],
[181 438],
[181 439],
[181 440],
[180 441],
[180 442],
[180 443],
[179 444],
[179 445],
[178 446],
[178 447],
[178 448],
[178 449],
[177 450],
[177 451],
[177 452],
[177 453],
[177 454],
[177 455],
[177 456],
[177 457],
[176 458],
[176 459],
[176 460],
[176 461],
[176 462],
[176 463],
[176 464],
[176 465],
[176 466],
[177 467],
[178 468],
[179 468],
[180 469],
[180 470],
[181 471],
[182 472],
[183 473],
[184 473],
[185 474],
[186 474],
[187 475],
[188 475],
[189 476],
[190 476],
[191 476],
[192 477],
[193 477],
[194 477],
[195 477],
[196 477],
[197 477],
[198 478],
[199 478],
[200 478],
[201 478],
[202 479],
[203 479],
[204 479],
[205 479],
[206 479],
[207 479],
[208 479],
[209 479],
[210 480],
[211 480],
[212 480],
[213 480],
[214 480],
[215 480],
[216 480],
[217 480],
[218 480],
[219 480],
[220 480],
[221 480],
[222 481],
[223 481],
[224 481],
[225 481],
[226 481],
[227 481],
[228 482],
[229 482],
[230 482],
[231 482],
[232 483],
[233 483],
[234 484],
[235 484],
[236 484],
[237 484],
[238 484],
[239 484],
[240 485],
[241 485],
[242 485],
[243 485],
[244 486],
[245 486],
[246 486],
[247 486],
[248 486],
[249 486],
[250 486],
[251 486],
[252 486],
[253 487],
[254 487],
[255 487],
[256 487],
[257 487],
[258 487],
[259 487],
[260 487],
[261 488],
[262 488],
[263 488],
[264 488],
[265 488],
[266 488],
[267 488],
[268 488],
[269 488],
[270 488],
[271 488],
[272 488],
[273 488],
[274 488],
[275 488],
[276 488],
[277 488],
[278 488],
[279 488],
[280 487],
[281 487],
[282 487],
[283 487],
[284 487],
[285 487],
[286 487],
[287 487],
[288 487],
[289 487],
[290 487],
[291 487],
[292 487],
[293 487],
[294 487],
[295 487],
[296 487],
[297 488],
[298 488],
[299 488],
[300 488],
[301 488],
[302 487],
[303 487],
[304 487],
[305 487],
[306 487],
[307 487],
[308 487],
[309 487],
[310 487],
[311 487],
[312 487],
[313 487],
[314 486],
[315 486],
[316 486],
[317 486],
[318 485],
[319 485],
[320 485],
[321 485],
[322 485],
[323 484],
[324 484],
[325 484],
[326 484],
[327 483],
[328 483],
[329 483],
[330 483],
[331 482],
[332 482],
[333 482],
[334 482],
[335 482],
[336 482],
[337 482],
[338 482],
[339 481],
[340 481],
[341 481],
[342 481],
[343 481],
[344 480],
[345 480],
[346 480],
[347 480],
[348 480],
[349 479],
[350 479],
[351 479],
[352 478],
[353 478],
[354 478],
[355 477],
[356 477],
[357 477],
[358 476],
[359 476],
[360 476],
[361 475],
[362 475],
[363 474],
[364 474],
[365 474],
[366 473],
[367 473],
[368 473],
[369 472],
[370 472],
[371 472],
[372 471],
[373 471],
[374 470],
[375 470],
[376 469],
[377 469],
[378 468],
[379 468],
[380 467],
[381 467],
[382 466],
[383 466],
[384 465],
[385 465],
[386 464],
[387 464],
[388 463],
[389 462],
[390 462],
[391 461],
[392 460],
[393 460],
[394 459],
[395 459],
[396 458],
[397 457],
[398 456],
[399 456],
[400 455],
[401 454],
[402 454],
[403 453],
[404 452],
[405 452],
[406 451],
[407 450],
[408 450],
[409 449],
[410 448],
[411 447],
[412 446],
[413 446],
[414 445],
[415 444],
[416 443],
[417 442],
[418 441],
[419 441],
[420 440],
[421 439],
[422 438],
[423 438],
[424 437],
[425 436],
[426 435],
[427 435],
[428 434],
[429 433],
[430 432],
[431 431],
[432 430],
[433 429],
[434 428],
[435 428],
[436 427],
[437 426],
[438 425],
[439 424],
[440 423],
[441 422],
[442 421],
[443 420],
[444 419],
[445 418],
[446 417],
[447 416],
[448 415],
[449 414],
[449 413],
[450 412],
[451 412],
[452 411],
[453 410],
[454 409],
[455 408],
[456 407],
[457 406],
[458 405],
[458 404],
[459 403],
[459 402],
[460 401],
[460 400],
[461 399],
[461 398],
[461 397],
[461 396],
[461 395],
[462 394],
[462 393],
[462 392],
[462 391],
[462 390],
[462 389],
[462 388],
[463 387],
[463 386],
[463 385],
[463 384],
[463 383],
[464 382],
[464 381],
[464 380],
[465 379],
[465 378],
[466 377],
[466 376],
[467 375],
[467 374],
[468 373],
[468 372],
[468 371],
[468 370],
[468 369],
[468 368],
[468 367],
[469 366],
[469 365],
[469 364],
[469 363],
[469 362],
[469 361],
[469 360],
[469 359],
[468 358],
[468 357],
[468 356],
[468 355],
[467 354],
[467 353],
[467 352],
[466 351],
[467 350],
[468 349],
[469 348],
[469 347],
[469 346],
[469 345],
[468 344],
[468 343],
[468 342],
[468 341],
[468 340],
[468 339],
[467 339],
[466 338],
[465 338],
[464 338],
[463 338],
[462 337],
[462 336],
[461 335],
[460 334],
[459 333],
[458 332],
[457 331],
[456 331],
[455 330],
[454 329],
[453 328],
[452 328],
[451 327],
[450 327],
[449 327],
[448 326],
[447 325],
[446 325],
[445 325],
[444 324],
[443 324],
[442 324],
[441 324],
[440 324],
[439 323],
[438 324],
[437 324],
[436 323],
[435 324],
[434 323],
[433 323],
[432 324],
[431 323],
[430 323],
[429 323],
[428 323],
[427 323],
[426 323],
[425 323],
[424 322],
[423 322],
[422 322],
[421 322],
[420 322],
[419 322],
[418 323],
[417 322],
[416 323],
[415 323],
[414 322],
[413 322],
[412 322],
[411 322],
[410 322],
[409 321],
[408 321],
[407 321],
[406 320],
[405 320],
[404 320],
[403 319],
[402 319],
[401 319],
[400 319],
[399 319],
[398 318],
[397 318],
[396 318],
[395 318],
[394 318],
[393 318],
[392 318],
[391 318],
[390 318],
[389 317],
[388 317],
[387 317],
[386 317],
[385 317],
[384 317],
[383 317],
[382 317],
[381 317],
[380 316],
[381 315],
[382 315],
[383 314],
[384 313],
[385 312],
[386 311],
[387 310],
[388 309],
[389 308],
[389 307],
[390 306],
[390 305],
[391 304],
[391 303],
[392 302],
[392 301],
[392 300],
[392 299],
[392 298],
[393 297],
[393 296],
[393 295],
[393 294],
[393 293],
[393 292],
[393 291],
[394 290],
[394 289],
[394 288],
[394 287],
[394 286],
[395 285],
[395 284],
[395 283],
[396 282],
[396 281],
[397 280],
[398 279],
[398 278],
[398 277],
[399 276],
[399 275],
[399 274],
[399 273],
[399 272],
[399 271],
[399 270],
[400 269],
[400 268],
[400 267],
[400 266],
[400 265],
[400 264],
[400 263],
[400 262],
[399 261],
[399 260],
[399 259],
[399 258],
[398 257],
[398 256],
[398 255],
[398 254],
[398 253],
[399 252],
[400 251],
[400 250],
[400 249],
[400 248],
[400 247],
[399 246],
[399 245],
[399 244],
[399 243],
[399 242],
[398 242],
[397 241],
[396 241],
[395 240],
[394 240],
[393 239],
[392 238],
[392 237],
[391 236],
[390 235],
[389 235],
[388 234],
[387 233],
[386 232],
[385 231],
[384 231],
[383 230],
[382 230],
[381 229],
[380 229],
[379 228],
[378 228],
[377 228],
[376 227],
[375 227],
[374 227],
[373 227],
[372 226],
[371 225],
[372 224],
[373 224],
[374 223],
[375 223],
[376 222],
[377 221],
[378 220],
[379 220],
[380 219],
[381 218],
[382 218],
[383 217],
[384 216],
[385 216],
[386 215],
[387 214],
[388 214],
[389 213],
[390 212],
[391 211],
[392 210],
[393 210],
[394 209],
[395 208],
[396 207],
[397 206],
[398 205],
[399 205],
[400 204],
[401 203],
[402 202],
[403 202],
[404 201],
[405 200],
[406 199],
[407 199],
[408 198],
[409 197],
[410 196],
[411 195],
[412 194],
[413 193],
[414 192],
[415 192],
[416 191],
[417 190],
[418 189],
[419 188],
[420 187],
[421 186],
[422 185],
[423 184],
[424 183],
[425 182],
[426 181],
[427 180],
[428 179],
[429 178],
[429 177],
[430 176],
[431 176],
[432 175],
[433 174],
[434 173],
[435 172],
[436 171],
[437 170],
[438 169],
[438 168],
[439 167],
[439 166],
[440 165],
[440 164],
[441 163],
[441 162],
[441 161],
[441 160],
[441 159],
[442 158],
[442 157],
[442 156],
[442 155],
[442 154],
[442 153],
[442 152],
[443 151],
[443 150],
[443 149],
[443 148],
[443 147],
[444 146],
[444 145],
[444 144],
[445 143],
[445 142],
[446 141],
[447 140],
[447 139],
[447 138],
[448 137],
[448 136],
[448 135],
[448 134],
[448 133],
[448 132],
[448 131],
[449 130],
[449 129],
[449 128],
[449 127],
[449 126],
[449 125],
[449 124],
[449 123],
[448 122],
[448 121],
[448 120],
[448 119],
[447 118],
[447 117],
[447 116],
[447 115],
[447 114],
[448 113],
[449 112],
[449 111],
[449 110],
[449 109],
[448 108],
[448 107],
[448 106],
[448 105],
[448 104],
[448 103],
[447 103],
[446 102],
[445 102],
[444 101],
[443 101],
[442 100],
[441  99],
[440  98],
[440  97],
[439  97],
[438  96],
[437  95],
[436  94],
[435  93],
[434  93],
[433  92],
[432  92],
[431  91],
[430  91],
[429  90],
[428  89],
[427  89],
[426  89],
[425  88],
[424  88],
[423  88],
[422  88],
[421  88],
[420  87],
[419  87],
[418  87],
[417  87],
[416  87],
[415  88],
[414  87],
[413  87],
[412  87],
[411  87],
[410  87],
[409  87],
[408  87],
[407  87],
[406  86],
[405  87],
[404  86],
[403  86],
[402  86],
[401  86],
[400  86],
[399  86],
[398  87],
[397  86],
[396  86],
[395  86],
[394  86],
[393  86],
[392  86],
[391  86],
[390  86],
[389  85],
[388  85],
[387  85],
[386  84],
[385  84],
[384  84],
[383  83],
[382  83],
[381  83],
[380  83],
[379  82],
[378  82],
[377  82],
[376  82],
[375  81],
[374  82],
[373  82],
[372  81],
[371  81],
[370  81],
[369  81],
[368  81],
[367  81],
[366  81],
[365  81],
[364  81],
[363  81],
[362  81],
[361  81],
